token,auc,age,n_healthy,n_diseased,auc_delong,auc_variance_delong,sex,offset_days,index,ICD-10 Chapter (short),name,color,count
34,0.80640244,65,164,2,0.80640244,0.03328245590586839,female,365.25,34,Events,AD_DX,#d62728,1034.0
34,0.80794704,70,151,5,0.80794704,0.021514050579299015,female,365.25,34,Events,AD_DX,#d62728,1034.0
34,0.8063776,75,140,14,0.8063776,0.005033518436825712,female,365.25,34,Events,AD_DX,#d62728,1034.0
34,0.76884776,80,111,19,0.76884776,0.004652235685884396,female,365.25,34,Events,AD_DX,#d62728,1034.0
34,0.7843882,85,79,30,0.7843882,0.0029775069653739336,female,365.25,34,Events,AD_DX,#d62728,1034.0
34,0.8029556,90,29,21,0.8029556,0.00391007207858039,female,365.25,34,Events,AD_DX,#d62728,1034.0
34,0.70000005,95,8,5,0.70000005,0.03138392925262454,female,365.25,34,Events,AD_DX,#d62728,1034.0
35,0.5796703,65,182,6,0.5796703,0.014396900621531306,female,365.25,35,Events,STROKE,#d62728,1049.0
35,0.430625,70,160,10,0.430625,0.00625383614858426,female,365.25,35,Events,STROKE,#d62728,1049.0
35,0.43859875,75,157,25,0.43859875,0.00424606262443819,female,365.25,35,Events,STROKE,#d62728,1049.0
35,0.64615387,80,130,15,0.64615387,0.008052368553932833,female,365.25,35,Events,STROKE,#d62728,1049.0
35,0.30920315,85,99,9,0.30920315,0.009422922081254418,female,365.25,35,Events,STROKE,#d62728,1049.0
35,0.74489796,90,49,4,0.74489796,0.00847520135673041,female,365.25,35,Events,STROKE,#d62728,1049.0
35,0.41666666,95,18,2,0.41666666,0.014251997003151873,female,365.25,35,Events,STROKE,#d62728,1049.0
36,0.68266255,65,171,17,0.68266255,0.006986798722314665,female,365.25,36,Events,DEPRESSION,#d62728,1105.0
36,0.58358896,70,163,8,0.58358896,0.015821791983535605,female,365.25,36,Events,DEPRESSION,#d62728,1105.0
36,0.55116034,75,158,18,0.55116034,0.00448653098609072,female,365.25,36,Events,DEPRESSION,#d62728,1105.0
36,0.6450122,80,137,15,0.6450122,0.006565596705021241,female,365.25,36,Events,DEPRESSION,#d62728,1105.0
36,0.53980577,85,103,10,0.53980577,0.006637720138385143,female,365.25,36,Events,DEPRESSION,#d62728,1105.0
36,0.7414286,90,50,7,0.7414286,0.010747910788658227,female,365.25,36,Events,DEPRESSION,#d62728,1105.0
37,0.76294196,65,198,8,0.76294196,0.010714354743035594,female,365.25,37,Events,HTN_ONSET,#d62728,591.0
37,0.74529195,70,177,6,0.74529195,0.006306908400205089,female,365.25,37,Events,HTN_ONSET,#d62728,591.0
37,0.7291826,75,187,14,0.7291826,0.005968066187299782,female,365.25,37,Events,HTN_ONSET,#d62728,591.0
37,0.711478,80,159,8,0.711478,0.013124323871852375,female,365.25,37,Events,HTN_ONSET,#d62728,591.0
37,0.6939655,85,116,6,0.6939655,0.014735627633822896,female,365.25,37,Events,HTN_ONSET,#d62728,591.0
37,0.5219298,90,57,4,0.5219298,0.03160588074247359,female,365.25,37,Events,HTN_ONSET,#d62728,591.0
38,0.88862556,65,211,3,0.88862556,0.0013991251908547877,female,365.25,38,Events,DM_ONSET,#d62728,335.0
38,0.9006734,70,198,3,0.9006734,0.009025865187088918,female,365.25,38,Events,DM_ONSET,#d62728,335.0
38,0.78717947,75,195,5,0.78717947,0.0061122155448283325,female,365.25,38,Events,DM_ONSET,#d62728,335.0
38,0.7238372,80,172,9,0.7238372,0.0037900126994965195,female,365.25,38,Events,DM_ONSET,#d62728,335.0
38,0.67288554,85,134,3,0.67288554,0.03210509596791859,female,365.25,38,Events,DM_ONSET,#d62728,335.0
39,0.96875,75,208,2,0.96875,0.0002616781095955247,female,365.25,39,Events,CHF_ONSET,#d62728,189.0
39,0.9751381,80,181,2,0.9751381,0.0001346452240162348,female,365.25,39,Events,CHF_ONSET,#d62728,189.0
39,0.79316545,85,139,6,0.79316545,0.0014761790192524822,female,365.25,39,Events,CHF_ONSET,#d62728,189.0
39,0.7025641,90,65,3,0.7025641,0.02845496338617641,female,365.25,39,Events,CHF_ONSET,#d62728,189.0
40,0.8459596,65,198,3,0.8459596,0.01879353151905904,female,365.25,40,Events,CLAUD_ONSET,#d62728,628.0
40,0.7774675,70,179,12,0.7774675,0.007856301329125253,female,365.25,40,Events,CLAUD_ONSET,#d62728,628.0
40,0.7331049,75,169,19,0.7331049,0.002745953404723751,female,365.25,40,Events,CLAUD_ONSET,#d62728,628.0
40,0.7228164,80,153,11,0.7228164,0.002537050659375185,female,365.25,40,Events,CLAUD_ONSET,#d62728,628.0
40,0.70000005,85,120,4,0.70000005,0.006848812764501904,female,365.25,40,Events,CLAUD_ONSET,#d62728,628.0
40,0.78125,90,64,2,0.78125,0.021371992807539684,female,365.25,40,Events,CLAUD_ONSET,#d62728,628.0
41,0.8185185,65,225,3,0.8185185,0.018080082180578733,female,365.25,41,Events,HEART_ONSET,#d62728,220.0
41,0.8074433,70,206,3,0.8074433,0.001368015648347866,female,365.25,41,Events,HEART_ONSET,#d62728,220.0
41,0.86650485,75,206,2,0.86650485,0.0006819451641599195,female,365.25,41,Events,HEART_ONSET,#d62728,220.0
41,0.74316937,80,183,4,0.74316937,0.018701840360206057,female,365.25,41,Events,HEART_ONSET,#d62728,220.0
41,0.826087,95,23,2,0.826087,0.007432547646467068,female,365.25,41,Events,HEART_ONSET,#d62728,220.0
42,0.64111656,65,61,37,0.64111656,0.0033858310816710794,female,365.25,42,Medications,ANTIHYP_ON,#1f77b4,2819.0
42,0.48507786,70,68,34,0.48507786,0.0037977261404764963,female,365.25,42,Medications,ANTIHYP_ON,#1f77b4,2819.0
42,0.37461084,75,59,49,0.37461084,0.003113394277922802,female,365.25,42,Medications,ANTIHYP_ON,#1f77b4,2819.0
42,0.40710783,80,51,40,0.40710783,0.0039521829953530156,female,365.25,42,Medications,ANTIHYP_ON,#1f77b4,2819.0
42,0.35742188,85,32,24,0.35742188,0.007088649125683802,female,365.25,42,Medications,ANTIHYP_ON,#1f77b4,2819.0
42,0.18888885,90,9,10,0.18888885,0.010610424992519851,female,365.25,42,Medications,ANTIHYP_ON,#1f77b4,2819.0
43,0.9165061,65,173,9,0.9165061,0.0008342071023392648,female,365.25,43,Medications,ANTIHYP_OFF,#1f77b4,1169.0
43,0.843871,70,155,15,0.843871,0.003241443111645205,female,365.25,43,Medications,ANTIHYP_OFF,#1f77b4,1169.0
43,0.8023369,75,158,13,0.8023369,0.00305788707326146,female,365.25,43,Medications,ANTIHYP_OFF,#1f77b4,1169.0
43,0.7654321,80,135,15,0.7654321,0.003242929830269131,female,365.25,43,Medications,ANTIHYP_OFF,#1f77b4,1169.0
43,0.7330357,85,105,16,0.7330357,0.00477068546587837,female,365.25,43,Medications,ANTIHYP_OFF,#1f77b4,1169.0
43,0.6708333,90,45,8,0.6708333,0.014074725479749382,female,365.25,43,Medications,ANTIHYP_OFF,#1f77b4,1169.0
43,0.45,95,15,4,0.45,0.017936508532554407,female,365.25,43,Medications,ANTIHYP_OFF,#1f77b4,1169.0
44,0.61009175,65,109,33,0.61009175,0.003835898816166588,female,365.25,44,Medications,STATIN_ON,#1f77b4,2132.0
44,0.52211845,70,107,30,0.52211845,0.003701157495874093,female,365.25,44,Medications,STATIN_ON,#1f77b4,2132.0
44,0.40026283,75,107,32,0.40026283,0.004054598041191734,female,365.25,44,Medications,STATIN_ON,#1f77b4,2132.0
44,0.36479592,80,98,26,0.36479592,0.004746830542448769,female,365.25,44,Medications,STATIN_ON,#1f77b4,2132.0
44,0.39423075,85,78,8,0.39423075,0.012061756102635513,female,365.25,44,Medications,STATIN_ON,#1f77b4,2132.0
44,0.35606062,90,33,4,0.35606062,0.03375373008302641,female,365.25,44,Medications,STATIN_ON,#1f77b4,2132.0
44,0.7692307,95,13,2,0.7692307,0.017504930261089038,female,365.25,44,Medications,STATIN_ON,#1f77b4,2132.0
45,0.9552723,65,178,13,0.9552723,0.00023388320320444394,female,365.25,45,Medications,STATIN_OFF,#1f77b4,984.0
45,0.795679,70,162,10,0.795679,0.006104061533461012,female,365.25,45,Medications,STATIN_OFF,#1f77b4,984.0
45,0.8799607,75,157,13,0.8799607,0.0032081536518986276,female,365.25,45,Medications,STATIN_OFF,#1f77b4,984.0
45,0.9165601,80,136,23,0.9165601,0.0006741345017505852,female,365.25,45,Medications,STATIN_OFF,#1f77b4,984.0
45,0.804329,85,105,11,0.804329,0.005741587968463328,female,365.25,45,Medications,STATIN_OFF,#1f77b4,984.0
45,0.82440484,90,48,7,0.82440484,0.0098088767717238,female,365.25,45,Medications,STATIN_OFF,#1f77b4,984.0
45,0.92156863,95,17,3,0.92156863,0.0047577853811928625,female,365.25,45,Medications,STATIN_OFF,#1f77b4,984.0
46,0.61125654,65,191,12,0.61125654,0.008273495371933722,female,365.25,46,Medications,DIABRX_ON,#1f77b4,736.0
46,0.5368324,70,181,9,0.5368324,0.009372962941928485,female,365.25,46,Medications,DIABRX_ON,#1f77b4,736.0
46,0.41745922,75,184,8,0.41745922,0.00975953944686988,female,365.25,46,Medications,DIABRX_ON,#1f77b4,736.0
46,0.80173165,80,165,7,0.80173165,0.004477145578774259,female,365.25,46,Medications,DIABRX_ON,#1f77b4,736.0
46,0.7280702,85,133,6,0.7280702,0.006313511246544105,female,365.25,46,Medications,DIABRX_ON,#1f77b4,736.0
46,0.44444445,90,63,2,0.44444445,0.1460349996014615,female,365.25,46,Medications,DIABRX_ON,#1f77b4,736.0
47,0.81880736,65,218,4,0.81880736,0.032333671048145995,female,365.25,47,Medications,DIABRX_OFF,#1f77b4,272.0
47,0.81092966,70,199,4,0.81092966,0.02981149014469181,female,365.25,47,Medications,DIABRX_OFF,#1f77b4,272.0
47,0.9966499,75,199,3,0.9966499,1.4028852521527543e-05,female,365.25,47,Medications,DIABRX_OFF,#1f77b4,272.0
47,0.9867425,80,176,6,0.9867425,8.955221268882571e-05,female,365.25,47,Medications,DIABRX_OFF,#1f77b4,272.0
47,0.92434984,85,141,3,0.92434984,0.0039848207352026,female,365.25,47,Medications,DIABRX_OFF,#1f77b4,272.0
47,0.98550725,90,69,2,0.98550725,0.0003135153501336753,female,365.25,47,Medications,DIABRX_OFF,#1f77b4,272.0
48,0.920068,65,196,3,0.920068,0.0008510079401466236,female,365.25,48,Medications,ADRX_ON,#1f77b4,673.0
48,0.53146064,70,178,5,0.53146064,0.029755225410981852,female,365.25,48,Medications,ADRX_ON,#1f77b4,673.0
48,0.7015016,75,176,14,0.7015016,0.008281584038541444,female,365.25,48,Medications,ADRX_ON,#1f77b4,673.0
48,0.55283225,80,153,6,0.55283225,0.0153990509023206,female,365.25,48,Medications,ADRX_ON,#1f77b4,673.0
48,0.71904385,85,116,11,0.71904385,0.0057974239244783544,female,365.25,48,Medications,ADRX_ON,#1f77b4,673.0
48,0.74174523,90,53,8,0.74174523,0.014314272332247214,female,365.25,48,Medications,ADRX_ON,#1f77b4,673.0
49,0.85714287,70,196,2,0.85714287,0.020669803951249528,female,365.25,49,Medications,ADRX_OFF,#1f77b4,250.0
49,0.9492386,75,197,7,0.9492386,0.0012252452046909398,female,365.25,49,Medications,ADRX_OFF,#1f77b4,250.0
49,0.954023,80,174,2,0.954023,0.0005009789838075873,female,365.25,49,Medications,ADRX_OFF,#1f77b4,250.0
49,0.9546568,85,136,6,0.9546568,0.001519024677748968,female,365.25,49,Medications,ADRX_OFF,#1f77b4,250.0
49,0.9621212,90,66,4,0.9621212,0.0005215324537421913,female,365.25,49,Medications,ADRX_OFF,#1f77b4,250.0
50,0.5578512,65,176,11,0.5578512,0.0076361134234167434,female,365.25,50,Clinical measures,BMI_low,#2ca02c,1013.0
50,0.61728394,70,153,18,0.61728394,0.004875900606413852,female,365.25,50,Clinical measures,BMI_low,#2ca02c,1013.0
50,0.37743586,75,150,13,0.37743586,0.005623488836926897,female,365.25,50,Clinical measures,BMI_low,#2ca02c,1013.0
50,0.48363557,80,133,17,0.48363557,0.007375652097008397,female,365.25,50,Clinical measures,BMI_low,#2ca02c,1013.0
50,0.38366336,85,101,10,0.38366336,0.014529712709843446,female,365.25,50,Clinical measures,BMI_low,#2ca02c,1013.0
50,0.5260416,90,48,6,0.5260416,0.017751197958764366,female,365.25,50,Clinical measures,BMI_low,#2ca02c,1013.0
51,0.44364208,65,91,35,0.44364208,0.0034410345317042986,female,365.25,51,Clinical measures,BMI_mid,#2ca02c,2560.0
51,0.45535713,70,82,28,0.45535713,0.003637335511758405,female,365.25,51,Clinical measures,BMI_mid,#2ca02c,2560.0
51,0.36971155,75,78,40,0.36971155,0.0031607047565495273,female,365.25,51,Clinical measures,BMI_mid,#2ca02c,2560.0
51,0.2962582,80,64,38,0.2962582,0.003079217059769477,female,365.25,51,Clinical measures,BMI_mid,#2ca02c,2560.0
51,0.30995476,85,39,17,0.30995476,0.00803850742762132,female,365.25,51,Clinical measures,BMI_mid,#2ca02c,2560.0
51,0.7017544,90,19,6,0.7017544,0.026816798371062964,female,365.25,51,Clinical measures,BMI_mid,#2ca02c,2560.0
52,0.50041854,65,112,32,0.50041854,0.002965981695231334,female,365.25,52,Clinical measures,BMI_high,#2ca02c,2081.0
52,0.3600713,70,102,33,0.3600713,0.0029619212664333083,female,365.25,52,Clinical measures,BMI_high,#2ca02c,2081.0
52,0.2716049,75,108,30,0.2716049,0.002277131761312991,female,365.25,52,Clinical measures,BMI_high,#2ca02c,2081.0
52,0.41511524,80,94,24,0.41511524,0.005215420285812181,female,365.25,52,Clinical measures,BMI_high,#2ca02c,2081.0
52,0.46710527,85,76,9,0.46710527,0.01398422286942921,female,365.25,52,Clinical measures,BMI_high,#2ca02c,2081.0
52,0.22352943,90,34,5,0.22352943,0.03588916633576174,female,365.25,52,Clinical measures,BMI_high,#2ca02c,2081.0
53,0.5711934,65,81,30,0.5711934,0.004525452993525248,female,365.25,53,Clinical measures,SBP_normal,#2ca02c,2472.0
53,0.67807513,70,67,29,0.67807513,0.003912924029691505,female,365.25,53,Clinical measures,SBP_normal,#2ca02c,2472.0
53,0.5471666,75,75,40,0.5471666,0.003504706547730084,female,365.25,53,Clinical measures,SBP_normal,#2ca02c,2472.0
53,0.62373626,80,65,35,0.62373626,0.003832771141865572,female,365.25,53,Clinical measures,SBP_normal,#2ca02c,2472.0
53,0.5751613,85,50,31,0.5751613,0.004345054749786029,female,365.25,53,Clinical measures,SBP_normal,#2ca02c,2472.0
53,0.7125,90,20,10,0.7125,0.009694078872078384,female,365.25,53,Clinical measures,SBP_normal,#2ca02c,2472.0
53,0.8035714,95,7,4,0.8035714,0.03295067863754275,female,365.25,53,Clinical measures,SBP_normal,#2ca02c,2472.0
54,0.53142,65,43,47,0.53142,0.003780873259650458,female,365.25,54,Clinical measures,SBP_elevated,#2ca02c,3252.0
54,0.4803818,70,41,46,0.4803818,0.003985138582504008,female,365.25,54,Clinical measures,SBP_elevated,#2ca02c,3252.0
54,0.54292446,75,40,53,0.54292446,0.003597499736088717,female,365.25,54,Clinical measures,SBP_elevated,#2ca02c,3252.0
54,0.49136364,80,25,44,0.49136364,0.005535229257063699,female,365.25,54,Clinical measures,SBP_elevated,#2ca02c,3252.0
54,0.41501975,85,11,23,0.41501975,0.01614574113433061,female,365.25,54,Clinical measures,SBP_elevated,#2ca02c,3252.0
54,0.9047619,90,3,7,0.9047619,0.01284958274636594,female,365.25,54,Clinical measures,SBP_elevated,#2ca02c,3252.0
55,0.56279457,65,90,33,0.56279457,0.0032226629725616396,female,365.25,55,Clinical measures,SBP_high,#2ca02c,2596.0
55,0.4295315,70,84,31,0.4295315,0.0039377573811194425,female,365.25,55,Clinical measures,SBP_high,#2ca02c,2596.0
55,0.415996,75,71,42,0.415996,0.003323434690193935,female,365.25,55,Clinical measures,SBP_high,#2ca02c,2596.0
55,0.39550388,80,44,46,0.39550388,0.003762822681181263,female,365.25,55,Clinical measures,SBP_high,#2ca02c,2596.0
55,0.43235296,85,30,17,0.43235296,0.008939859762196013,female,365.25,55,Clinical measures,SBP_high,#2ca02c,2596.0
55,0.24999997,90,12,7,0.24999997,0.027133580663540366,female,365.25,55,Clinical measures,SBP_high,#2ca02c,2596.0
56,0.44162643,65,23,54,0.44162643,0.004457907236602618,female,365.25,56,Clinical measures,DBP_normal,#2ca02c,3644.0
56,0.5046685,70,21,51,0.5046685,0.005218797724347211,female,365.25,56,Clinical measures,DBP_normal,#2ca02c,3644.0
56,0.42063487,75,21,57,0.42063487,0.0058876729680262235,female,365.25,56,Clinical measures,DBP_normal,#2ca02c,3644.0
56,0.30555546,80,12,42,0.30555546,0.008855815321416417,female,365.25,56,Clinical measures,DBP_normal,#2ca02c,3644.0
56,0.2275641,85,6,26,0.2275641,0.006667488474817676,female,365.25,56,Clinical measures,DBP_normal,#2ca02c,3644.0
57,0.6469476,65,86,40,0.6469476,0.003052037005024823,female,365.25,57,Clinical measures,DBP_elevated,#2ca02c,2357.0
57,0.5030722,70,84,31,0.5030722,0.003760297385652743,female,365.25,57,Clinical measures,DBP_elevated,#2ca02c,2357.0
57,0.6172786,75,78,44,0.6172786,0.0027787666423638984,female,365.25,57,Clinical measures,DBP_elevated,#2ca02c,2357.0
57,0.5497596,80,65,32,0.5497596,0.004187745156053849,female,365.25,57,Clinical measures,DBP_elevated,#2ca02c,2357.0
57,0.58525646,85,52,15,0.58525646,0.006752214848273331,female,365.25,57,Clinical measures,DBP_elevated,#2ca02c,2357.0
57,0.32213438,90,23,11,0.32213438,0.01258615599000572,female,365.25,57,Clinical measures,DBP_elevated,#2ca02c,2357.0
58,0.7012987,65,165,14,0.7012987,0.0068066949792009645,female,365.25,58,Clinical measures,DBP_high,#2ca02c,1087.0
58,0.4537037,70,153,12,0.4537037,0.008568754706223362,female,365.25,58,Clinical measures,DBP_high,#2ca02c,1087.0
58,0.6895425,75,153,13,0.6895425,0.010591372474399445,female,365.25,58,Clinical measures,DBP_high,#2ca02c,1087.0
58,0.58792645,80,127,24,0.58792645,0.0045476083615574375,female,365.25,58,Clinical measures,DBP_high,#2ca02c,1087.0
58,0.61742425,85,96,11,0.61742425,0.00815290464548785,female,365.25,58,Clinical measures,DBP_high,#2ca02c,1087.0
58,0.61481476,90,45,6,0.61481476,0.019976929648382047,female,365.25,58,Clinical measures,DBP_high,#2ca02c,1087.0
59,0.5545833,65,80,30,0.5545833,0.00479577060958413,female,365.25,59,Clinical measures,GLU_normal,#2ca02c,2587.0
59,0.56190467,70,66,35,0.56190467,0.0038911079756704303,female,365.25,59,Clinical measures,GLU_normal,#2ca02c,2587.0
59,0.5164728,75,72,43,0.5164728,0.0035089210703711433,female,365.25,59,Clinical measures,GLU_normal,#2ca02c,2587.0
59,0.3365801,80,66,42,0.3365801,0.0031431671192957596,female,365.25,59,Clinical measures,GLU_normal,#2ca02c,2587.0
59,0.5603658,85,41,20,0.5603658,0.007906153192113654,female,365.25,59,Clinical measures,GLU_normal,#2ca02c,2587.0
59,0.5210084,90,17,7,0.5210084,0.03537003058501115,female,365.25,59,Clinical measures,GLU_normal,#2ca02c,2587.0
60,0.60055554,65,100,18,0.60055554,0.007514962065928185,female,365.25,60,Clinical measures,GLU_pre,#2ca02c,2020.0
60,0.5420792,70,101,28,0.5420792,0.004765804381137344,female,365.25,60,Clinical measures,GLU_pre,#2ca02c,2020.0
60,0.5247283,75,92,40,0.5247283,0.003437749913644405,female,365.25,60,Clinical measures,GLU_pre,#2ca02c,2020.0
60,0.5447124,80,77,35,0.5447124,0.0036708377243047747,female,365.25,60,Clinical measures,GLU_pre,#2ca02c,2020.0
60,0.5404762,85,49,30,0.5404762,0.004548352079929876,female,365.25,60,Clinical measures,GLU_pre,#2ca02c,2020.0
60,0.6666666,90,18,6,0.6666666,0.038223190534940166,female,365.25,60,Clinical measures,GLU_pre,#2ca02c,2020.0
61,0.46593365,65,146,19,0.46593365,0.005435904445278466,female,365.25,61,Clinical measures,GLU_diabetic,#2ca02c,1388.0
61,0.5514485,70,143,14,0.5514485,0.006359579933283826,female,365.25,61,Clinical measures,GLU_diabetic,#2ca02c,1388.0
61,0.5105969,75,136,17,0.5105969,0.0071804048818794475,female,365.25,61,Clinical measures,GLU_diabetic,#2ca02c,1388.0
61,0.63936335,80,112,23,0.63936335,0.0043039909559313,female,365.25,61,Clinical measures,GLU_diabetic,#2ca02c,1388.0
61,0.6428572,85,76,21,0.6428572,0.004326117332430301,female,365.25,61,Clinical measures,GLU_diabetic,#2ca02c,1388.0
61,0.56130266,90,29,9,0.56130266,0.014485778763802096,female,365.25,61,Clinical measures,GLU_diabetic,#2ca02c,1388.0
61,0.6388889,95,12,3,0.6388889,0.08193041354952978,female,365.25,61,Clinical measures,GLU_diabetic,#2ca02c,1388.0
62,0.61837035,65,125,27,0.61837035,0.005347301461054642,female,365.25,62,Clinical measures,HBA1C_normal,#2ca02c,1648.0
62,0.5185185,70,108,23,0.5185185,0.006713363113420301,female,365.25,62,Clinical measures,HBA1C_normal,#2ca02c,1648.0
62,0.5612193,75,122,16,0.5612193,0.010199077626410313,female,365.25,62,Clinical measures,HBA1C_normal,#2ca02c,1648.0
62,0.49848732,80,101,36,0.49848732,0.004131928161874377,female,365.25,62,Clinical measures,HBA1C_normal,#2ca02c,1648.0
62,0.6168254,85,75,21,0.6168254,0.006243242269852115,female,365.25,62,Clinical measures,HBA1C_normal,#2ca02c,1648.0
62,0.7375,90,40,8,0.7375,0.012107944680026496,female,365.25,62,Clinical measures,HBA1C_normal,#2ca02c,1648.0
63,0.57142854,65,112,16,0.57142854,0.009547909327180542,female,365.25,63,Clinical measures,HBA1C_pre,#2ca02c,2005.0
63,0.57458377,70,109,27,0.57458377,0.004939655020109371,female,365.25,63,Clinical measures,HBA1C_pre,#2ca02c,2005.0
63,0.5664869,75,104,41,0.5664869,0.0036719840428853174,female,365.25,63,Clinical measures,HBA1C_pre,#2ca02c,2005.0
63,0.646904,80,95,34,0.646904,0.004320011387394722,female,365.25,63,Clinical measures,HBA1C_pre,#2ca02c,2005.0
63,0.6362319,85,69,15,0.6362319,0.008105358004893393,female,365.25,63,Clinical measures,HBA1C_pre,#2ca02c,2005.0
63,0.7417583,90,26,7,0.7417583,0.01904359378220838,female,365.25,63,Clinical measures,HBA1C_pre,#2ca02c,2005.0
63,0.625,95,8,2,0.625,0.078125,female,365.25,63,Clinical measures,HBA1C_pre,#2ca02c,2005.0
64,0.6478632,65,195,9,0.6478632,0.011069340634618298,female,365.25,64,Clinical measures,HBA1C_diabetic,#2ca02c,547.0
64,0.6871658,70,187,5,0.6871658,0.02962490769525027,female,365.25,64,Clinical measures,HBA1C_diabetic,#2ca02c,547.0
64,0.5499232,75,186,7,0.5499232,0.01791071369264202,female,365.25,64,Clinical measures,HBA1C_diabetic,#2ca02c,547.0
64,0.6787507,80,163,11,0.6787507,0.01020192121681324,female,365.25,64,Clinical measures,HBA1C_diabetic,#2ca02c,547.0
64,0.70500004,85,125,4,0.70500004,0.01971871060963603,female,365.25,64,Clinical measures,HBA1C_diabetic,#2ca02c,547.0
64,0.7780172,90,58,4,0.7780172,0.023443042755879728,female,365.25,64,Clinical measures,HBA1C_diabetic,#2ca02c,547.0
65,0.41098347,65,199,7,0.41098347,0.011839437680067143,female,365.25,65,Clinical measures,HDL_low,#2ca02c,642.0
65,0.68329555,70,189,7,0.68329555,0.02298111352157047,female,365.25,65,Clinical measures,HDL_low,#2ca02c,642.0
65,0.4996097,75,183,7,0.4996097,0.019024859091343754,female,365.25,65,Clinical measures,HDL_low,#2ca02c,642.0
65,0.6284722,80,160,9,0.6284722,0.015523036555928309,female,365.25,65,Clinical measures,HDL_low,#2ca02c,642.0
65,0.45413226,85,121,10,0.45413226,0.010666516778679662,female,365.25,65,Clinical measures,HDL_low,#2ca02c,642.0
65,0.52916664,90,60,4,0.52916664,0.02729303800270004,female,365.25,65,Clinical measures,HDL_low,#2ca02c,642.0
66,0.60248315,65,108,22,0.60248315,0.004684527610390207,female,365.25,66,Clinical measures,HDL_mid,#2ca02c,2153.0
66,0.5538195,70,108,24,0.5538195,0.0051377628856929015,female,365.25,66,Clinical measures,HDL_mid,#2ca02c,2153.0
66,0.41428572,75,106,35,0.41428572,0.002915753719610841,female,365.25,66,Clinical measures,HDL_mid,#2ca02c,2153.0
66,0.5642556,80,89,32,0.5642556,0.003772605562984808,female,365.25,66,Clinical measures,HDL_mid,#2ca02c,2153.0
66,0.53571427,85,63,14,0.53571427,0.007362631455468824,female,365.25,66,Clinical measures,HDL_mid,#2ca02c,2153.0
66,0.4275,90,25,8,0.4275,0.016594643270956104,female,365.25,66,Clinical measures,HDL_mid,#2ca02c,2153.0
66,0.3125,95,8,2,0.3125,0.03013392857142857,female,365.25,66,Clinical measures,HDL_mid,#2ca02c,2153.0
67,0.53070176,65,95,30,0.53070176,0.0038066417954375096,female,365.25,67,Clinical measures,HDL_high,#2ca02c,2005.0
67,0.37480128,70,74,34,0.37480128,0.0030119305052167854,female,365.25,67,Clinical measures,HDL_high,#2ca02c,2005.0
67,0.40159732,75,79,42,0.40159732,0.0030520822513343793,female,365.25,67,Clinical measures,HDL_high,#2ca02c,2005.0
67,0.34412697,80,75,42,0.34412697,0.0031253782529235227,female,365.25,67,Clinical measures,HDL_high,#2ca02c,2005.0
67,0.36182022,85,53,17,0.36182022,0.006045727813772602,female,365.25,67,Clinical measures,HDL_high,#2ca02c,2005.0
67,0.26363635,90,22,5,0.26363635,0.030493901685343567,female,365.25,67,Clinical measures,HDL_high,#2ca02c,2005.0
67,0.29999998,95,10,2,0.29999998,0.09666667381922418,female,365.25,67,Clinical measures,HDL_high,#2ca02c,2005.0
68,0.5477145,65,86,29,0.5477145,0.004024679989370021,female,365.25,68,Clinical measures,LDL_optimal,#2ca02c,2490.0
68,0.53973275,70,79,36,0.53973275,0.003297968499832883,female,365.25,68,Clinical measures,LDL_optimal,#2ca02c,2490.0
68,0.4405191,75,73,38,0.4405191,0.0034350919580093727,female,365.25,68,Clinical measures,LDL_optimal,#2ca02c,2490.0
68,0.46170035,80,66,36,0.46170035,0.003721152935580132,female,365.25,68,Clinical measures,LDL_optimal,#2ca02c,2490.0
68,0.572093,85,43,30,0.572093,0.005270431401156685,female,365.25,68,Clinical measures,LDL_optimal,#2ca02c,2490.0
68,0.5333333,90,15,7,0.5333333,0.023643235539002428,female,365.25,68,Clinical measures,LDL_optimal,#2ca02c,2490.0
68,0.38888893,95,6,3,0.38888893,0.04691358094598046,female,365.25,68,Clinical measures,LDL_optimal,#2ca02c,2490.0
69,0.53899086,65,109,32,0.53899086,0.0038277830272297913,female,365.25,69,Clinical measures,LDL_borderline,#2ca02c,2095.0
69,0.35227275,70,92,22,0.35227275,0.004996975793093587,female,365.25,69,Clinical measures,LDL_borderline,#2ca02c,2095.0
69,0.45339212,75,104,36,0.45339212,0.0033096267650828274,female,365.25,69,Clinical measures,LDL_borderline,#2ca02c,2095.0
69,0.37343025,80,89,34,0.37343025,0.0033901850637287484,female,365.25,69,Clinical measures,LDL_borderline,#2ca02c,2095.0
69,0.5207373,85,62,14,0.5207373,0.008442939837807938,female,365.25,69,Clinical measures,LDL_borderline,#2ca02c,2095.0
69,0.56,90,25,4,0.56,0.04614166658719389,female,365.25,69,Clinical measures,LDL_borderline,#2ca02c,2095.0
69,0.125,95,8,2,0.125,0.022321428571428572,female,365.25,69,Clinical measures,LDL_borderline,#2ca02c,2095.0
70,0.52831715,65,206,3,0.52831715,0.03883855939503725,female,365.25,70,Clinical measures,LDL_high,#2ca02c,421.0
70,0.48981616,70,183,11,0.48981616,0.005531242980309842,female,365.25,70,Clinical measures,LDL_high,#2ca02c,421.0
70,0.3736842,75,190,6,0.3736842,0.015159922098285216,female,365.25,70,Clinical measures,LDL_high,#2ca02c,421.0
70,0.7816311,80,164,8,0.7816311,0.010711587601789797,female,365.25,70,Clinical measures,LDL_high,#2ca02c,421.0
70,0.6,85,125,7,0.6,0.02064257810435732,female,365.25,70,Clinical measures,LDL_high,#2ca02c,421.0
70,0.4032258,90,62,2,0.4032258,0.007578341984211577,female,365.25,70,Clinical measures,LDL_high,#2ca02c,421.0
71,0.51573426,65,143,18,0.51573426,0.00562788316945028,female,365.25,71,Clinical measures,GFR_ckd,#2ca02c,1766.0
71,0.3382353,70,126,17,0.3382353,0.005725765634051643,female,365.25,71,Clinical measures,GFR_ckd,#2ca02c,1766.0
71,0.4389302,75,117,31,0.4389302,0.003260702051785956,female,365.25,71,Clinical measures,GFR_ckd,#2ca02c,1766.0
71,0.4729647,80,105,31,0.4729647,0.0037944283812507166,female,365.25,71,Clinical measures,GFR_ckd,#2ca02c,1766.0
71,0.47204968,85,69,14,0.47204968,0.0060319090133319165,female,365.25,71,Clinical measures,GFR_ckd,#2ca02c,1766.0
71,0.28205127,90,26,6,0.28205127,0.017666009624808906,female,365.25,71,Clinical measures,GFR_ckd,#2ca02c,1766.0
71,0.07142858,95,7,2,0.07142858,0.01020408208881107,female,365.25,71,Clinical measures,GFR_ckd,#2ca02c,1766.0
72,0.6337653,65,82,32,0.6337653,0.004191758630658794,female,365.25,72,Clinical measures,GFR_mild,#2ca02c,2329.0
72,0.5486111,70,74,36,0.5486111,0.003452632848955061,female,365.25,72,Clinical measures,GFR_mild,#2ca02c,2329.0
72,0.482684,75,77,42,0.482684,0.0031701832855734443,female,365.25,72,Clinical measures,GFR_mild,#2ca02c,2329.0
72,0.43029678,80,69,42,0.43029678,0.0032678884927400433,female,365.25,72,Clinical measures,GFR_mild,#2ca02c,2329.0
72,0.35011572,85,54,16,0.35011572,0.006353183085043182,female,365.25,72,Clinical measures,GFR_mild,#2ca02c,2329.0
72,0.35185188,90,27,3,0.35185188,0.04514438815309829,female,365.25,72,Clinical measures,GFR_mild,#2ca02c,2329.0
73,0.6232423,65,186,13,0.6232423,0.0060975710460424385,female,365.25,73,Clinical measures,GFR_normal,#2ca02c,767.0
73,0.60256404,70,168,13,0.60256404,0.006970931678854885,female,365.25,73,Clinical measures,GFR_normal,#2ca02c,767.0
73,0.5866713,75,181,8,0.5866713,0.020587897525721724,female,365.25,73,Clinical measures,GFR_normal,#2ca02c,767.0
73,0.40945515,80,156,8,0.40945515,0.017482727390383878,female,365.25,73,Clinical measures,GFR_normal,#2ca02c,767.0
73,0.2611111,85,126,5,0.2611111,0.00845335403153994,female,365.25,73,Clinical measures,GFR_normal,#2ca02c,767.0
73,0.43999997,90,60,5,0.43999997,0.006174693996797421,female,365.25,73,Clinical measures,GFR_normal,#2ca02c,767.0
74,0.8563218,65,145,6,0.8563218,0.0159327891643924,female,365.25,74,Clinical measures,MMSE_impaired,#2ca02c,1485.0
74,0.60467625,70,139,10,0.60467625,0.019679851669254348,female,365.25,74,Clinical measures,MMSE_impaired,#2ca02c,1485.0
74,0.70688975,75,127,20,0.70688975,0.0053803459420910735,female,365.25,74,Clinical measures,MMSE_impaired,#2ca02c,1485.0
74,0.7808494,80,104,24,0.7808494,0.004015483509067753,female,365.25,74,Clinical measures,MMSE_impaired,#2ca02c,1485.0
74,0.7533406,85,71,39,0.7533406,0.002790150999085863,female,365.25,74,Clinical measures,MMSE_impaired,#2ca02c,1485.0
74,0.77666664,90,25,12,0.77666664,0.00906397310150195,female,365.25,74,Clinical measures,MMSE_impaired,#2ca02c,1485.0
74,0.20833334,95,6,4,0.20833334,0.025694444651405024,female,365.25,74,Clinical measures,MMSE_impaired,#2ca02c,1485.0
75,0.61753905,65,121,18,0.61753905,0.0057365078452348735,female,365.25,75,Clinical measures,MMSE_borderline,#2ca02c,1983.0
75,0.7445313,70,120,16,0.7445313,0.007158738233974837,female,365.25,75,Clinical measures,MMSE_borderline,#2ca02c,1983.0
75,0.6520468,75,114,30,0.6520468,0.0032372681216540373,female,365.25,75,Clinical measures,MMSE_borderline,#2ca02c,1983.0
75,0.5989584,80,84,32,0.5989584,0.0040217545348556075,female,365.25,75,Clinical measures,MMSE_borderline,#2ca02c,1983.0
75,0.59694445,85,60,30,0.59694445,0.004469321720710448,female,365.25,75,Clinical measures,MMSE_borderline,#2ca02c,1983.0
75,0.45454547,90,22,11,0.45454547,0.011006761696410246,female,365.25,75,Clinical measures,MMSE_borderline,#2ca02c,1983.0
75,0.7142857,95,7,2,0.7142857,0.09183673347745623,female,365.25,75,Clinical measures,MMSE_borderline,#2ca02c,1983.0
76,0.5192982,65,19,60,0.5192982,0.0052559764484700795,female,365.25,76,Clinical measures,MMSE_normal,#2ca02c,3508.0
76,0.54481804,70,14,51,0.54481804,0.010658065219876412,female,365.25,76,Clinical measures,MMSE_normal,#2ca02c,3508.0
76,0.28286648,75,16,58,0.28286648,0.0079931952291721,female,365.25,76,Clinical measures,MMSE_normal,#2ca02c,3508.0
76,0.6798942,80,9,42,0.6798942,0.01644343922208514,female,365.25,76,Clinical measures,MMSE_normal,#2ca02c,3508.0
76,0.21875,85,10,16,0.21875,0.009058159790713238,female,365.25,76,Clinical measures,MMSE_normal,#2ca02c,3508.0
76,0.3888889,90,9,6,0.3888889,0.037242798605328246,female,365.25,76,Clinical measures,MMSE_normal,#2ca02c,3508.0
77,0.6334356,65,163,4,0.6334356,0.04411554649324798,female,365.25,77,Clinical measures,COGN_low,#2ca02c,1268.0
77,0.71150666,70,151,8,0.71150666,0.020108522107368344,female,365.25,77,Clinical measures,COGN_low,#2ca02c,1268.0
77,0.8067922,75,146,12,0.8067922,0.006531462001690386,female,365.25,77,Clinical measures,COGN_low,#2ca02c,1268.0
77,0.6957891,80,121,21,0.6957891,0.005334663006147014,female,365.25,77,Clinical measures,COGN_low,#2ca02c,1268.0
77,0.7395104,85,88,26,0.7395104,0.003958357170270361,female,365.25,77,Clinical measures,COGN_low,#2ca02c,1268.0
77,0.75925934,90,33,18,0.75925934,0.00496339562220033,female,365.25,77,Clinical measures,COGN_low,#2ca02c,1268.0
77,0.75,95,12,2,0.75,0.017045454545454548,female,365.25,77,Clinical measures,COGN_low,#2ca02c,1268.0
78,0.5124207,65,86,22,0.5124207,0.003893237543384961,female,365.25,78,Clinical measures,COGN_mid,#2ca02c,2571.0
78,0.364011,70,84,26,0.364011,0.004203162267802174,female,365.25,78,Clinical measures,COGN_mid,#2ca02c,2571.0
78,0.41418013,75,69,51,0.41418013,0.0030226033080010123,female,365.25,78,Clinical measures,COGN_mid,#2ca02c,2571.0
78,0.3931601,80,46,41,0.3931601,0.0037788983850702024,female,365.25,78,Clinical measures,COGN_mid,#2ca02c,2571.0
78,0.4895833,85,33,32,0.4895833,0.005412507522729158,female,365.25,78,Clinical measures,COGN_mid,#2ca02c,2571.0
78,0.39669418,90,11,11,0.39669418,0.0172119396532928,female,365.25,78,Clinical measures,COGN_mid,#2ca02c,2571.0
78,0.8333334,95,4,3,0.8333334,0.03472222387790683,female,365.25,78,Clinical measures,COGN_mid,#2ca02c,2571.0
79,0.5119771,65,57,52,0.5119771,0.003110613621335305,female,365.25,79,Clinical measures,COGN_high,#2ca02c,2714.0
79,0.5036479,70,51,43,0.5036479,0.0036763938520486513,female,365.25,79,Clinical measures,COGN_high,#2ca02c,2714.0
79,0.3893881,75,57,41,0.3893881,0.0033928548130547275,female,365.25,79,Clinical measures,COGN_high,#2ca02c,2714.0
79,0.28746498,80,51,28,0.28746498,0.0034527663907803893,female,365.25,79,Clinical measures,COGN_high,#2ca02c,2714.0
79,0.35439557,85,42,13,0.35439557,0.008358064359228506,female,365.25,79,Clinical measures,COGN_high,#2ca02c,2714.0
79,0.0,90,18,3,0.0,0.0,female,365.25,79,Clinical measures,COGN_high,#2ca02c,2714.0
80,0.49932617,65,53,42,0.49932617,0.0037442530418945446,female,365.25,80,Clinical measures,PSQI_good,#2ca02c,2856.0
80,0.3684017,70,62,44,0.3684017,0.0034141612719905544,female,365.25,80,Clinical measures,PSQI_good,#2ca02c,2856.0
80,0.33688933,75,66,49,0.33688933,0.0031269927591424376,female,365.25,80,Clinical measures,PSQI_good,#2ca02c,2856.0
80,0.28627858,80,65,37,0.28627858,0.0039046424240574357,female,365.25,80,Clinical measures,PSQI_good,#2ca02c,2856.0
80,0.3610586,85,46,23,0.3610586,0.00784191979718181,female,365.25,80,Clinical measures,PSQI_good,#2ca02c,2856.0
80,0.30263162,90,19,8,0.30263162,0.02440242718285886,female,365.25,80,Clinical measures,PSQI_good,#2ca02c,2856.0
81,0.66448087,65,183,5,0.66448087,0.028433486610933433,female,365.25,81,Clinical measures,PSQI_poor,#2ca02c,816.0
81,0.62469506,70,164,10,0.62469506,0.007274034665495741,female,365.25,81,Clinical measures,PSQI_poor,#2ca02c,816.0
81,0.6135003,75,167,11,0.6135003,0.013373546204465162,female,365.25,81,Clinical measures,PSQI_poor,#2ca02c,816.0
81,0.63004225,80,137,19,0.63004225,0.007945860584389524,female,365.25,81,Clinical measures,PSQI_poor,#2ca02c,816.0
81,0.6369826,85,108,17,0.6369826,0.009362306264868983,female,365.25,81,Clinical measures,PSQI_poor,#2ca02c,816.0
81,0.63010204,90,49,4,0.63010204,0.03814762390272852,female,365.25,81,Clinical measures,PSQI_poor,#2ca02c,816.0
82,0.7491948,75,207,6,0.7491948,0.019052526949912968,female,365.25,82,Clinical measures,PSQI_verypoor,#2ca02c,140.0
82,0.80952376,80,182,3,0.80952376,0.005626259429948146,female,365.25,82,Clinical measures,PSQI_verypoor,#2ca02c,140.0
82,0.75,85,142,2,0.75,0.04670232570790346,female,365.25,82,Clinical measures,PSQI_verypoor,#2ca02c,140.0
83,0.6189043,65,151,11,0.6189043,0.011230833673055359,female,365.25,83,Clinical measures,APNEA_low,#2ca02c,1291.0
83,0.6135266,70,138,21,0.6135266,0.006983271712246823,female,365.25,83,Clinical measures,APNEA_low,#2ca02c,1291.0
83,0.3716216,75,148,20,0.3716216,0.00539651353356355,female,365.25,83,Clinical measures,APNEA_low,#2ca02c,1291.0
83,0.58732826,80,131,25,0.58732826,0.006890587158141501,female,365.25,83,Clinical measures,APNEA_low,#2ca02c,1291.0
83,0.43465275,85,103,13,0.43465275,0.0123460625081483,female,365.25,83,Clinical measures,APNEA_low,#2ca02c,1291.0
83,0.7647059,90,51,3,0.7647059,0.020648469078255124,female,365.25,83,Clinical measures,APNEA_low,#2ca02c,1291.0
83,0.9583334,95,16,3,0.9583334,0.0025462964894595085,female,365.25,83,Clinical measures,APNEA_low,#2ca02c,1291.0
84,0.6821646,65,164,12,0.6821646,0.009326312512860901,female,365.25,84,Clinical measures,APNEA_high,#2ca02c,998.0
84,0.7587904,70,158,18,0.7587904,0.005398644666432281,female,365.25,84,Clinical measures,APNEA_high,#2ca02c,998.0
84,0.7279116,75,166,15,0.7279116,0.007632330633614965,female,365.25,84,Clinical measures,APNEA_high,#2ca02c,998.0
84,0.51980674,80,138,15,0.51980674,0.011667144522139896,female,365.25,84,Clinical measures,APNEA_high,#2ca02c,998.0
84,0.6550926,85,108,16,0.6550926,0.007601855452980228,female,365.25,84,Clinical measures,APNEA_high,#2ca02c,998.0
84,0.69666666,90,50,6,0.69666666,0.018550112976870484,female,365.25,84,Clinical measures,APNEA_high,#2ca02c,998.0
84,0.8125,95,16,2,0.8125,0.011979166666666666,female,365.25,84,Clinical measures,APNEA_high,#2ca02c,998.0
85,0.1673913,65,230,2,0.1673913,0.0004804525305222837,female,365.25,85,Clinical measures,CRP_q1,#2ca02c,131.0
85,0.77830184,75,212,3,0.77830184,0.045201925873843855,female,365.25,85,Clinical measures,CRP_q1,#2ca02c,131.0
86,0.44891828,75,208,4,0.44891828,0.027652000143271453,female,365.25,86,Clinical measures,CRP_q2,#2ca02c,125.0
86,0.9689189,80,185,2,0.9689189,0.0010434067627517938,female,365.25,86,Clinical measures,CRP_q2,#2ca02c,125.0
86,0.9782609,90,69,2,0.9782609,0.0006254862641434804,female,365.25,86,Clinical measures,CRP_q2,#2ca02c,125.0
87,0.66755795,80,187,3,0.66755795,0.07843533087560492,female,365.25,87,Clinical measures,CRP_q3,#2ca02c,134.0
88,0.3635371,65,229,2,0.3635371,0.04132229100286301,female,365.25,88,Clinical measures,IL6_q1,#2ca02c,129.0
88,0.5363349,75,211,3,0.5363349,0.025771882242498715,female,365.25,88,Clinical measures,IL6_q1,#2ca02c,129.0
89,0.9784689,75,209,2,0.9784689,0.0005131171475362582,female,365.25,89,Clinical measures,IL6_q2,#2ca02c,131.0
89,0.5846774,80,186,2,0.5846774,0.17267749569725502,female,365.25,89,Clinical measures,IL6_q2,#2ca02c,131.0
89,0.95714283,90,70,2,0.95714283,0.00212067413774337,female,365.25,89,Clinical measures,IL6_q2,#2ca02c,131.0
90,0.5377358,75,212,3,0.5377358,0.04559122278783578,female,365.25,90,Clinical measures,IL6_q3,#2ca02c,130.0
90,0.49197862,80,187,3,0.49197862,0.06097279503095318,female,365.25,90,Clinical measures,IL6_q3,#2ca02c,130.0
91,0.39999998,75,210,4,0.39999998,0.02053068816730985,female,365.25,91,Clinical measures,TNFA_q1,#2ca02c,130.0
92,0.1993392,65,227,2,0.1993392,0.006629215563463475,female,365.25,92,Clinical measures,TNFA_q2,#2ca02c,128.0
92,0.7950558,75,209,3,0.7950558,0.005662313024263928,female,365.25,92,Clinical measures,TNFA_q2,#2ca02c,128.0
92,0.8,90,70,2,0.8,0.017891893918187816,female,365.25,92,Clinical measures,TNFA_q2,#2ca02c,128.0
93,0.6498656,80,186,4,0.6498656,0.047431247289270825,female,365.25,93,Clinical measures,TNFA_q3,#2ca02c,132.0
94,0.8584184,65,98,4,0.8584184,0.008324349034796627,female,365.25,94,Death,Death,#000000,2479.0
94,0.8722527,70,91,8,0.8722527,0.002038018830854325,female,365.25,94,Death,Death,#000000,2479.0
94,0.83547,75,78,18,0.83547,0.001940827736061699,female,365.25,94,Death,Death,#000000,2479.0
94,0.7949585,80,52,37,0.7949585,0.0022068780814514903,female,365.25,94,Death,Death,#000000,2479.0
94,0.7461427,85,34,61,0.7461427,0.0026945072372694797,female,365.25,94,Death,Death,#000000,2479.0
94,0.80360365,90,15,37,0.80360365,0.004666004627623044,female,365.25,94,Death,Death,#000000,2479.0
94,0.48749995,95,4,20,0.48749995,0.04919408182825963,female,365.25,94,Death,Death,#000000,2479.0
34,0.72727275,65,55,2,0.72727275,0.06589914832379365,male,365.25,34,Events,AD_DX,#d62728,1034.0
34,0.51754385,75,57,6,0.51754385,0.03158787899517015,male,365.25,34,Events,AD_DX,#d62728,1034.0
34,0.73569024,80,54,11,0.73569024,0.009367222493082954,male,365.25,34,Events,AD_DX,#d62728,1034.0
34,0.5285714,85,35,6,0.5285714,0.02791303204818299,male,365.25,34,Events,AD_DX,#d62728,1034.0
34,0.7307693,90,13,8,0.7307693,0.014975608892006153,male,365.25,34,Events,AD_DX,#d62728,1034.0
35,0.33258927,65,56,4,0.33258927,0.03692801263576159,male,365.25,35,Events,STROKE,#d62728,1049.0
35,0.6550179,70,62,9,0.6550179,0.008011510724445909,male,365.25,35,Events,STROKE,#d62728,1049.0
35,0.56390977,75,57,7,0.56390977,0.020206449127031238,male,365.25,35,Events,STROKE,#d62728,1049.0
35,0.20663264,80,56,7,0.20663264,0.013337235388470342,male,365.25,35,Events,STROKE,#d62728,1049.0
35,0.59999996,85,40,2,0.59999996,0.16102563983354815,male,365.25,35,Events,STROKE,#d62728,1049.0
36,0.81666666,65,60,5,0.81666666,0.029358756429591255,male,365.25,36,Events,DEPRESSION,#d62728,1105.0
36,0.7313433,70,67,3,0.7313433,0.014003928546512973,male,365.25,36,Events,DEPRESSION,#d62728,1105.0
36,0.8970588,75,68,3,0.8970588,0.0013528090493380982,male,365.25,36,Events,DEPRESSION,#d62728,1105.0
36,0.44761905,80,63,5,0.44761905,0.03398044635471958,male,365.25,36,Events,DEPRESSION,#d62728,1105.0
36,0.5944444,85,45,4,0.5944444,0.01840160832923985,male,365.25,36,Events,DEPRESSION,#d62728,1105.0
36,0.5833334,90,18,2,0.5833334,0.1756535927016361,male,365.25,36,Events,DEPRESSION,#d62728,1105.0
37,0.9705882,65,68,2,0.9705882,0.0010716313589446088,male,365.25,37,Events,HTN_ONSET,#d62728,591.0
37,0.8866667,70,75,2,0.8866667,0.008283484654383663,male,365.25,37,Events,HTN_ONSET,#d62728,591.0
37,0.69718313,75,71,5,0.69718313,0.02973485895840234,male,365.25,37,Events,HTN_ONSET,#d62728,591.0
37,0.2986111,80,72,2,0.2986111,0.036785720651355575,male,365.25,37,Events,HTN_ONSET,#d62728,591.0
38,0.7876712,75,73,3,0.7876712,0.005171447894318425,male,365.25,38,Events,DM_ONSET,#d62728,335.0
38,0.5428571,80,70,5,0.5428571,0.010286897673466909,male,365.25,38,Events,DM_ONSET,#d62728,335.0
38,0.71276593,85,47,2,0.71276593,0.019302216017185687,male,365.25,38,Events,DM_ONSET,#d62728,335.0
39,0.75,80,80,2,0.75,0.02392404348035459,male,365.25,39,Events,CHF_ONSET,#d62728,189.0
40,0.92342347,70,74,3,0.92342347,0.0009675539142684055,male,365.25,40,Events,CLAUD_ONSET,#d62728,628.0
40,0.8095238,75,70,3,0.8095238,0.003566006116468505,male,365.25,40,Events,CLAUD_ONSET,#d62728,628.0
40,0.7246377,80,69,4,0.7246377,0.010407271357346029,male,365.25,40,Events,CLAUD_ONSET,#d62728,628.0
40,0.87407404,85,45,3,0.87407404,0.007135552461047138,male,365.25,40,Events,CLAUD_ONSET,#d62728,628.0
41,0.8231708,70,82,3,0.8231708,0.0028915930040245806,male,365.25,41,Events,HEART_ONSET,#d62728,220.0
42,0.60389614,65,22,14,0.60389614,0.012341631866132793,male,365.25,42,Medications,ANTIHYP_ON,#1f77b4,2819.0
42,0.43732193,70,27,13,0.43732193,0.009107979533201062,male,365.25,42,Medications,ANTIHYP_ON,#1f77b4,2819.0
42,0.48375,75,20,20,0.48375,0.009146546103258784,male,365.25,42,Medications,ANTIHYP_ON,#1f77b4,2819.0
42,0.3170426,80,19,21,0.3170426,0.007821210042075992,male,365.25,42,Medications,ANTIHYP_ON,#1f77b4,2819.0
42,0.16666667,85,15,4,0.16666667,0.009246031861929668,male,365.25,42,Medications,ANTIHYP_ON,#1f77b4,2819.0
42,0.0,90,5,2,0.0,0.0,male,365.25,42,Medications,ANTIHYP_ON,#1f77b4,2819.0
43,0.9895834,65,48,2,0.9895834,0.00021701368192841543,male,365.25,43,Medications,ANTIHYP_OFF,#1f77b4,1169.0
43,0.9296296,70,54,5,0.9296296,0.0018422757941817679,male,365.25,43,Medications,ANTIHYP_OFF,#1f77b4,1169.0
43,0.62340426,75,47,10,0.62340426,0.008715230494725472,male,365.25,43,Medications,ANTIHYP_OFF,#1f77b4,1169.0
43,0.83199996,80,50,10,0.83199996,0.0033072290992564386,male,365.25,43,Medications,ANTIHYP_OFF,#1f77b4,1169.0
43,0.6791667,85,30,8,0.6791667,0.009257577149922374,male,365.25,43,Medications,ANTIHYP_OFF,#1f77b4,1169.0
43,0.8181819,90,11,5,0.8181819,0.012760330367679477,male,365.25,43,Medications,ANTIHYP_OFF,#1f77b4,1169.0
44,0.6163194,65,36,8,0.6163194,0.017927241267367115,male,365.25,44,Medications,STATIN_ON,#1f77b4,2132.0
44,0.65802467,70,45,9,0.65802467,0.006538568098843468,male,365.25,44,Medications,STATIN_ON,#1f77b4,2132.0
44,0.37368426,75,38,15,0.37368426,0.007078914309249016,male,365.25,44,Medications,STATIN_ON,#1f77b4,2132.0
44,0.36904764,80,36,14,0.36904764,0.011432662048748474,male,365.25,44,Medications,STATIN_ON,#1f77b4,2132.0
44,0.40357143,85,28,5,0.40357143,0.032039397023984346,male,365.25,44,Medications,STATIN_ON,#1f77b4,2132.0
44,0.44444442,90,9,2,0.44444442,0.20061728689405656,male,365.25,44,Medications,STATIN_ON,#1f77b4,2132.0
45,0.9692307,70,65,2,0.9692307,0.00046597633136094676,male,365.25,45,Medications,STATIN_OFF,#1f77b4,984.0
45,0.450565,75,59,6,0.450565,0.01829367018443298,male,365.25,45,Medications,STATIN_OFF,#1f77b4,984.0
45,0.6299603,80,56,9,0.6299603,0.014592996369714646,male,365.25,45,Medications,STATIN_OFF,#1f77b4,984.0
45,0.7545787,85,39,7,0.7545787,0.016751986366498748,male,365.25,45,Medications,STATIN_OFF,#1f77b4,984.0
45,0.78571427,90,14,2,0.78571427,0.012951334379905812,male,365.25,45,Medications,STATIN_OFF,#1f77b4,984.0
46,0.6554054,70,74,2,0.6554054,0.0030700594855676963,male,365.25,46,Medications,DIABRX_ON,#1f77b4,736.0
46,0.642029,75,69,5,0.642029,0.037922891203378474,male,365.25,46,Medications,DIABRX_ON,#1f77b4,736.0
46,0.2651515,80,66,6,0.2651515,0.025290197980350298,male,365.25,46,Medications,DIABRX_ON,#1f77b4,736.0
46,0.3776596,85,47,2,0.3776596,0.14360227054682867,male,365.25,46,Medications,DIABRX_ON,#1f77b4,736.0
47,0.8095238,85,49,6,0.8095238,0.024104637027920962,male,365.25,47,Medications,DIABRX_OFF,#1f77b4,272.0
48,0.7038461,65,65,2,0.7038461,0.0715976326493822,male,365.25,48,Medications,ADRX_ON,#1f77b4,673.0
48,0.28823528,75,68,5,0.28823528,0.006223741512002416,male,365.25,48,Medications,ADRX_ON,#1f77b4,673.0
48,0.38619402,80,67,4,0.38619402,0.03933257410217999,male,365.25,48,Medications,ADRX_ON,#1f77b4,673.0
48,0.7481482,85,45,3,0.7481482,0.005309888835499787,male,365.25,48,Medications,ADRX_ON,#1f77b4,673.0
48,0.5793651,90,21,3,0.5793651,0.014940791722207854,male,365.25,48,Medications,ADRX_ON,#1f77b4,673.0
49,0.94666666,80,75,4,0.94666666,0.000746246267439042,male,365.25,49,Medications,ADRX_OFF,#1f77b4,250.0
49,0.8478261,90,23,2,0.8478261,0.02556280950783745,male,365.25,49,Medications,ADRX_OFF,#1f77b4,250.0
50,0.5531401,70,69,3,0.5531401,0.015121671920823226,male,365.25,50,Clinical measures,BMI_low,#2ca02c,1013.0
50,0.46025643,75,65,6,0.46025643,0.013162505941248764,male,365.25,50,Clinical measures,BMI_low,#2ca02c,1013.0
50,0.60353535,80,66,6,0.60353535,0.01917936173949605,male,365.25,50,Clinical measures,BMI_low,#2ca02c,1013.0
50,0.49206346,85,42,3,0.49206346,0.0091547918623057,male,365.25,50,Clinical measures,BMI_low,#2ca02c,1013.0
51,0.36764705,65,17,10,0.36764705,0.016057045381331486,male,365.25,51,Clinical measures,BMI_mid,#2ca02c,2560.0
51,0.5182291,70,16,24,0.5182291,0.00862453313980813,male,365.25,51,Clinical measures,BMI_mid,#2ca02c,2560.0
51,0.42982453,75,19,18,0.42982453,0.009449460475016068,male,365.25,51,Clinical measures,BMI_mid,#2ca02c,2560.0
51,0.44444442,80,15,15,0.44444442,0.012500882045406949,male,365.25,51,Clinical measures,BMI_mid,#2ca02c,2560.0
51,0.14285713,85,7,6,0.14285713,0.020408163265306128,male,365.25,51,Clinical measures,BMI_mid,#2ca02c,2560.0
51,0.20000005,90,2,5,0.20000005,0.05499999523162856,male,365.25,51,Clinical measures,BMI_mid,#2ca02c,2560.0
52,0.33749998,65,40,8,0.33749998,0.013796359864831133,male,365.25,52,Clinical measures,BMI_high,#2ca02c,2081.0
52,0.5998062,70,43,12,0.5998062,0.009756331425041221,male,365.25,52,Clinical measures,BMI_high,#2ca02c,2081.0
52,0.36153847,75,39,10,0.36153847,0.00793504988393201,male,365.25,52,Clinical measures,BMI_high,#2ca02c,2081.0
52,0.3317073,80,41,10,0.3317073,0.01224577803303057,male,365.25,52,Clinical measures,BMI_high,#2ca02c,2081.0
52,0.3472222,85,27,4,0.3472222,0.04173041818443873,male,365.25,52,Clinical measures,BMI_high,#2ca02c,2081.0
53,0.3958333,65,32,6,0.3958333,0.03316602267385012,male,365.25,53,Clinical measures,SBP_normal,#2ca02c,2472.0
53,0.7676282,70,26,12,0.7676282,0.008454534097904743,male,365.25,53,Clinical measures,SBP_normal,#2ca02c,2472.0
53,0.63461536,75,26,17,0.63461536,0.008264975786959353,male,365.25,53,Clinical measures,SBP_normal,#2ca02c,2472.0
53,0.5462185,80,28,17,0.5462185,0.008225006661182314,male,365.25,53,Clinical measures,SBP_normal,#2ca02c,2472.0
53,0.36153847,85,13,10,0.36153847,0.014625246787760952,male,365.25,53,Clinical measures,SBP_normal,#2ca02c,2472.0
53,0.6666667,90,3,4,0.6666667,0.06712962907773479,male,365.25,53,Clinical measures,SBP_normal,#2ca02c,2472.0
54,0.42307687,65,8,13,0.42307687,0.01720885321745643,male,365.25,54,Clinical measures,SBP_elevated,#2ca02c,3252.0
54,0.34375,70,9,16,0.34375,0.013182187245388846,male,365.25,54,Clinical measures,SBP_elevated,#2ca02c,3252.0
54,0.4871794,75,9,26,0.4871794,0.012361932280631644,male,365.25,54,Clinical measures,SBP_elevated,#2ca02c,3252.0
54,0.43274856,80,9,19,0.43274856,0.018511869363545038,male,365.25,54,Clinical measures,SBP_elevated,#2ca02c,3252.0
54,0.057142794,85,5,7,0.057142794,0.004489795869710499,male,365.25,54,Clinical measures,SBP_elevated,#2ca02c,3252.0
54,0.25,90,2,2,0.25,0.125,male,365.25,54,Clinical measures,SBP_elevated,#2ca02c,3252.0
55,0.4741379,65,29,10,0.4741379,0.0154235087388325,male,365.25,55,Clinical measures,SBP_high,#2ca02c,2596.0
55,0.5468254,70,35,18,0.5468254,0.007582662676717393,male,365.25,55,Clinical measures,SBP_high,#2ca02c,2596.0
55,0.60714287,75,28,13,0.60714287,0.008637577332520949,male,365.25,55,Clinical measures,SBP_high,#2ca02c,2596.0
55,0.51666665,80,24,15,0.51666665,0.01116441663843866,male,365.25,55,Clinical measures,SBP_high,#2ca02c,2596.0
55,0.6315789,85,19,2,0.6315789,0.10387812724073868,male,365.25,55,Clinical measures,SBP_high,#2ca02c,2596.0
55,0.33333334,90,5,3,0.33333334,0.1111111111111111,male,365.25,55,Clinical measures,SBP_high,#2ca02c,2596.0
56,0.7222223,65,3,15,0.7222223,0.013262786260778113,male,365.25,56,Clinical measures,DBP_normal,#2ca02c,3644.0
56,0.7410712,70,2,28,0.7410712,0.032661331309257705,male,365.25,56,Clinical measures,DBP_normal,#2ca02c,3644.0
56,0.4791665,75,2,24,0.4791665,0.19274607487922704,male,365.25,56,Clinical measures,DBP_normal,#2ca02c,3644.0
57,0.6330645,65,31,12,0.6330645,0.01642976565513242,male,365.25,57,Clinical measures,DBP_elevated,#2ca02c,2357.0
57,0.7149621,70,33,16,0.7149621,0.008088034350613301,male,365.25,57,Clinical measures,DBP_elevated,#2ca02c,2357.0
57,0.696875,75,32,15,0.696875,0.00784019688017957,male,365.25,57,Clinical measures,DBP_elevated,#2ca02c,2357.0
57,0.5032258,80,31,10,0.5032258,0.01576436574588776,male,365.25,57,Clinical measures,DBP_elevated,#2ca02c,2357.0
57,0.5952381,85,21,2,0.5952381,0.015362811183172578,male,365.25,57,Clinical measures,DBP_elevated,#2ca02c,2357.0
58,0.9482758,65,58,2,0.9482758,0.0008605044120408033,male,365.25,58,Clinical measures,DBP_high,#2ca02c,1087.0
58,0.7008197,70,61,6,0.7008197,0.010494614687696014,male,365.25,58,Clinical measures,DBP_high,#2ca02c,1087.0
58,0.65254235,75,59,5,0.65254235,0.011903337996609278,male,365.25,58,Clinical measures,DBP_high,#2ca02c,1087.0
58,0.567734,80,58,7,0.567734,0.010615708484478443,male,365.25,58,Clinical measures,DBP_high,#2ca02c,1087.0
58,0.7125,85,40,4,0.7125,0.026201925200338597,male,365.25,58,Clinical measures,DBP_high,#2ca02c,1087.0
59,0.38963962,65,37,6,0.38963962,0.024762035605275515,male,365.25,59,Clinical measures,GLU_normal,#2ca02c,2587.0
59,0.57982457,70,38,15,0.57982457,0.009563412137614,male,365.25,59,Clinical measures,GLU_normal,#2ca02c,2587.0
59,0.46122444,75,35,14,0.46122444,0.010161084799142885,male,365.25,59,Clinical measures,GLU_normal,#2ca02c,2587.0
59,0.6773649,80,37,16,0.6773649,0.007953099284043526,male,365.25,59,Clinical measures,GLU_normal,#2ca02c,2587.0
59,0.3766234,85,22,7,0.3766234,0.023008377354355646,male,365.25,59,Clinical measures,GLU_normal,#2ca02c,2587.0
60,0.76296294,65,45,6,0.76296294,0.022352350701323506,male,365.25,60,Clinical measures,GLU_pre,#2ca02c,2020.0
60,0.8180593,70,53,7,0.8180593,0.005261690362277703,male,365.25,60,Clinical measures,GLU_pre,#2ca02c,2020.0
60,0.5222222,75,42,15,0.5222222,0.009556995783033134,male,365.25,60,Clinical measures,GLU_pre,#2ca02c,2020.0
60,0.5398551,80,46,9,0.5398551,0.013250341393411056,male,365.25,60,Clinical measures,GLU_pre,#2ca02c,2020.0
60,0.52666664,85,30,5,0.52666664,0.01416551706133222,male,365.25,60,Clinical measures,GLU_pre,#2ca02c,2020.0
60,0.6785714,90,7,4,0.6785714,0.03443877414173013,male,365.25,60,Clinical measures,GLU_pre,#2ca02c,2020.0
61,0.6147541,70,61,6,0.6147541,0.017324221728944895,male,365.25,61,Clinical measures,GLU_diabetic,#2ca02c,1388.0
61,0.5683962,75,53,8,0.5683962,0.016427518147626552,male,365.25,61,Clinical measures,GLU_diabetic,#2ca02c,1388.0
61,0.5107143,80,50,14,0.5107143,0.009782405864656236,male,365.25,61,Clinical measures,GLU_diabetic,#2ca02c,1388.0
61,0.45045045,85,37,3,0.45045045,0.06516877004759342,male,365.25,61,Clinical measures,GLU_diabetic,#2ca02c,1388.0
61,0.38461536,90,13,4,0.38461536,0.05535009991252683,male,365.25,61,Clinical measures,GLU_diabetic,#2ca02c,1388.0
62,0.4871795,65,52,3,0.4871795,0.07351511004686016,male,365.25,62,Clinical measures,HBA1C_normal,#2ca02c,1648.0
62,0.6051948,70,55,7,0.6051948,0.020319522641591328,male,365.25,62,Clinical measures,HBA1C_normal,#2ca02c,1648.0
62,0.5155229,75,51,12,0.5155229,0.010896073734582078,male,365.25,62,Clinical measures,HBA1C_normal,#2ca02c,1648.0
62,0.55446625,80,51,9,0.55446625,0.01497631495527953,male,365.25,62,Clinical measures,HBA1C_normal,#2ca02c,1648.0
62,0.5189394,85,33,8,0.5189394,0.018080049436175343,male,365.25,62,Clinical measures,HBA1C_normal,#2ca02c,1648.0
62,0.625,90,16,2,0.625,0.14375,male,365.25,62,Clinical measures,HBA1C_normal,#2ca02c,1648.0
63,0.60952383,65,45,7,0.60952383,0.025265123229272043,male,365.25,63,Clinical measures,HBA1C_pre,#2ca02c,2005.0
63,0.7661065,70,51,7,0.7661065,0.012985350916448875,male,365.25,63,Clinical measures,HBA1C_pre,#2ca02c,2005.0
63,0.6046296,75,45,12,0.6046296,0.012351836142339144,male,365.25,63,Clinical measures,HBA1C_pre,#2ca02c,2005.0
63,0.52191556,80,44,14,0.52191556,0.010632600026698184,male,365.25,63,Clinical measures,HBA1C_pre,#2ca02c,2005.0
63,0.6964286,85,28,6,0.6964286,0.016635696985721753,male,365.25,63,Clinical measures,HBA1C_pre,#2ca02c,2005.0
63,0.65,90,10,2,0.65,0.02499999821186098,male,365.25,63,Clinical measures,HBA1C_pre,#2ca02c,2005.0
64,0.4543379,75,73,3,0.4543379,0.07716295558707817,male,365.25,64,Clinical measures,HBA1C_diabetic,#2ca02c,547.0
64,0.74428564,80,70,5,0.74428564,0.006405589037098883,male,365.25,64,Clinical measures,HBA1C_diabetic,#2ca02c,547.0
64,0.6413044,85,46,3,0.6413044,0.08797579691045808,male,365.25,64,Clinical measures,HBA1C_diabetic,#2ca02c,547.0
65,0.6548507,70,67,4,0.6548507,0.004460081997608429,male,365.25,65,Clinical measures,HDL_low,#2ca02c,642.0
65,0.08055556,75,60,3,0.08055556,0.0011512607199161919,male,365.25,65,Clinical measures,HDL_low,#2ca02c,642.0
65,0.43749997,80,56,12,0.43749997,0.009855973740665854,male,365.25,65,Clinical measures,HDL_low,#2ca02c,642.0
65,0.5658537,85,41,5,0.5658537,0.02161332593752758,male,365.25,65,Clinical measures,HDL_low,#2ca02c,642.0
65,0.5555555,90,15,3,0.5555555,0.034850088381052455,male,365.25,65,Clinical measures,HDL_low,#2ca02c,642.0
66,0.5428571,65,40,7,0.5428571,0.012687237652916392,male,365.25,66,Clinical measures,HDL_mid,#2ca02c,2153.0
66,0.64359504,70,44,11,0.64359504,0.01000938346661165,male,365.25,66,Clinical measures,HDL_mid,#2ca02c,2153.0
66,0.4251337,75,34,11,0.4251337,0.01079254574805721,male,365.25,66,Clinical measures,HDL_mid,#2ca02c,2153.0
66,0.53333336,80,37,15,0.53333336,0.008156586339523098,male,365.25,66,Clinical measures,HDL_mid,#2ca02c,2153.0
66,0.47,85,20,10,0.47,0.015516374461988973,male,365.25,66,Clinical measures,HDL_mid,#2ca02c,2153.0
66,0.3333333,90,8,3,0.3333333,0.0553075396825397,male,365.25,66,Clinical measures,HDL_mid,#2ca02c,2153.0
67,0.5462963,65,54,2,0.5462963,0.17413846571464625,male,365.25,67,Clinical measures,HDL_high,#2ca02c,2005.0
67,0.73308265,70,57,7,0.73308265,0.012652263633466812,male,365.25,67,Clinical measures,HDL_high,#2ca02c,2005.0
67,0.5502958,75,52,13,0.5502958,0.010771793382426505,male,365.25,67,Clinical measures,HDL_high,#2ca02c,2005.0
67,0.5263158,80,57,7,0.5263158,0.022192669574468502,male,365.25,67,Clinical measures,HDL_high,#2ca02c,2005.0
67,0.42105263,85,38,2,0.42105263,0.022123228581471043,male,365.25,67,Clinical measures,HDL_high,#2ca02c,2005.0
67,0.3333333,90,15,3,0.3333333,0.037460318955164176,male,365.25,67,Clinical measures,HDL_high,#2ca02c,2005.0
68,0.58045983,65,29,9,0.58045983,0.017254879688294276,male,365.25,68,Clinical measures,LDL_optimal,#2ca02c,2490.0
68,0.7325,70,40,10,0.7325,0.009452243528604272,male,365.25,68,Clinical measures,LDL_optimal,#2ca02c,2490.0
68,0.46666664,75,32,15,0.46666664,0.009607919895925162,male,365.25,68,Clinical measures,LDL_optimal,#2ca02c,2490.0
68,0.4491935,80,31,20,0.4491935,0.007810655000956059,male,365.25,68,Clinical measures,LDL_optimal,#2ca02c,2490.0
68,0.3333333,85,22,6,0.3333333,0.022812539520076676,male,365.25,68,Clinical measures,LDL_optimal,#2ca02c,2490.0
68,0.4375,90,8,2,0.4375,0.1953125,male,365.25,68,Clinical measures,LDL_optimal,#2ca02c,2490.0
69,0.49290782,65,47,3,0.49290782,0.07419581274934477,male,365.25,69,Clinical measures,LDL_borderline,#2ca02c,2095.0
69,0.6523948,70,53,13,0.6523948,0.009406712649684144,male,365.25,69,Clinical measures,LDL_borderline,#2ca02c,2095.0
69,0.48404258,75,47,12,0.48404258,0.01617964668165466,male,365.25,69,Clinical measures,LDL_borderline,#2ca02c,2095.0
69,0.32189542,80,51,6,0.32189542,0.006927678081994314,male,365.25,69,Clinical measures,LDL_borderline,#2ca02c,2095.0
69,0.39642859,85,28,5,0.39642859,0.012319539136303306,male,365.25,69,Clinical measures,LDL_borderline,#2ca02c,2095.0
69,0.25,90,10,4,0.25,0.02250000011175871,male,365.25,69,Clinical measures,LDL_borderline,#2ca02c,2095.0
71,0.4137931,70,58,7,0.4137931,0.013129024686172698,male,365.25,71,Clinical measures,GFR_ckd,#2ca02c,1766.0
71,0.27350426,75,52,9,0.27350426,0.010136652529485814,male,365.25,71,Clinical measures,GFR_ckd,#2ca02c,1766.0
71,0.39145654,80,51,14,0.39145654,0.008587330987484,male,365.25,71,Clinical measures,GFR_ckd,#2ca02c,1766.0
71,0.25,85,31,4,0.25,0.036017170328255375,male,365.25,71,Clinical measures,GFR_ckd,#2ca02c,1766.0
71,0.41025645,90,13,3,0.41025645,0.07670392288389423,male,365.25,71,Clinical measures,GFR_ckd,#2ca02c,1766.0
71,0.5,95,2,2,0.5,0.25,male,365.25,71,Clinical measures,GFR_ckd,#2ca02c,1766.0
72,0.4861111,65,36,7,0.4861111,0.017047594823681927,male,365.25,72,Clinical measures,GFR_mild,#2ca02c,2329.0
72,0.7337662,70,42,11,0.7337662,0.00790935690892976,male,365.25,72,Clinical measures,GFR_mild,#2ca02c,2329.0
72,0.46428567,75,35,14,0.46428567,0.009159268084701442,male,365.25,72,Clinical measures,GFR_mild,#2ca02c,2329.0
72,0.6239495,80,34,14,0.6239495,0.008723295822303901,male,365.25,72,Clinical measures,GFR_mild,#2ca02c,2329.0
72,0.48447204,85,23,7,0.48447204,0.013690783367150343,male,365.25,72,Clinical measures,GFR_mild,#2ca02c,2329.0
72,0.34285715,90,7,5,0.34285715,0.047346939262078745,male,365.25,72,Clinical measures,GFR_mild,#2ca02c,2329.0
73,0.8980769,65,65,4,0.8980769,0.0035704053606272425,male,365.25,73,Clinical measures,GFR_normal,#2ca02c,767.0
73,0.6637324,70,71,4,0.6637324,0.019973420425724486,male,365.25,73,Clinical measures,GFR_normal,#2ca02c,767.0
73,0.94776124,75,67,2,0.94776124,0.0018597648477277837,male,365.25,73,Clinical measures,GFR_normal,#2ca02c,767.0
73,0.5642857,80,70,6,0.5642857,0.024132143676511165,male,365.25,73,Clinical measures,GFR_normal,#2ca02c,767.0
74,0.57589287,70,56,2,0.57589287,0.00626376887614084,male,365.25,74,Clinical measures,MMSE_impaired,#2ca02c,1485.0
74,0.37617925,75,53,8,0.37617925,0.022410382551746703,male,365.25,74,Clinical measures,MMSE_impaired,#2ca02c,1485.0
74,0.53125,80,49,16,0.53125,0.011106473114051798,male,365.25,74,Clinical measures,MMSE_impaired,#2ca02c,1485.0
74,0.24884793,85,31,7,0.24884793,0.008806019356014376,male,365.25,74,Clinical measures,MMSE_impaired,#2ca02c,1485.0
74,0.53999996,90,10,5,0.53999996,0.043200000313917845,male,365.25,74,Clinical measures,MMSE_impaired,#2ca02c,1485.0
75,0.7692307,65,39,2,0.7692307,0.05480509071375857,male,365.25,75,Clinical measures,MMSE_borderline,#2ca02c,1983.0
75,0.47023806,70,42,10,0.47023806,0.008545027146655587,male,365.25,75,Clinical measures,MMSE_borderline,#2ca02c,1983.0
75,0.5456349,75,36,14,0.5456349,0.009227782438493553,male,365.25,75,Clinical measures,MMSE_borderline,#2ca02c,1983.0
75,0.5628788,80,33,20,0.5628788,0.008589373939559414,male,365.25,75,Clinical measures,MMSE_borderline,#2ca02c,1983.0
75,0.65882355,85,17,10,0.65882355,0.013451556981767174,male,365.25,75,Clinical measures,MMSE_borderline,#2ca02c,1983.0
75,0.625,90,8,3,0.625,0.07217261869282954,male,365.25,75,Clinical measures,MMSE_borderline,#2ca02c,1983.0
76,0.48469388,65,14,14,0.48469388,0.013756287233083569,male,365.25,76,Clinical measures,MMSE_normal,#2ca02c,3508.0
76,0.5316205,70,11,23,0.5316205,0.010724130977773137,male,365.25,76,Clinical measures,MMSE_normal,#2ca02c,3508.0
76,0.52777773,75,13,18,0.52777773,0.011697303263120877,male,365.25,76,Clinical measures,MMSE_normal,#2ca02c,3508.0
76,0.36538464,80,13,12,0.36538464,0.013209169685947621,male,365.25,76,Clinical measures,MMSE_normal,#2ca02c,3508.0
76,0.5277778,85,9,4,0.5277778,0.07561728389312823,male,365.25,76,Clinical measures,MMSE_normal,#2ca02c,3508.0
77,0.9811321,65,53,2,0.9811321,0.0005305742490795485,male,365.25,77,Clinical measures,COGN_low,#2ca02c,1268.0
77,0.37969923,75,57,7,0.37969923,0.018037489389568506,male,365.25,77,Clinical measures,COGN_low,#2ca02c,1268.0
77,0.5121212,80,55,9,0.5121212,0.01771307387105095,male,365.25,77,Clinical measures,COGN_low,#2ca02c,1268.0
77,0.58194447,85,36,10,0.58194447,0.01209870424496486,male,365.25,77,Clinical measures,COGN_low,#2ca02c,1268.0
77,0.45714283,90,14,5,0.45714283,0.03404238642361516,male,365.25,77,Clinical measures,COGN_low,#2ca02c,1268.0
78,0.42000002,65,25,6,0.42000002,0.012264074132000993,male,365.25,78,Clinical measures,COGN_mid,#2ca02c,2571.0
78,0.49329504,70,29,18,0.49329504,0.007862149119123123,male,365.25,78,Clinical measures,COGN_mid,#2ca02c,2571.0
78,0.3877996,75,27,17,0.3877996,0.008294987341428837,male,365.25,78,Clinical measures,COGN_mid,#2ca02c,2571.0
78,0.33150178,80,26,21,0.33150178,0.006700680063614511,male,365.25,78,Clinical measures,COGN_mid,#2ca02c,2571.0
78,0.47619048,85,12,7,0.47619048,0.027837902032458905,male,365.25,78,Clinical measures,COGN_mid,#2ca02c,2571.0
78,0.5333333,90,5,3,0.5333333,0.08888888888888898,male,365.25,78,Clinical measures,COGN_mid,#2ca02c,2571.0
79,0.4919355,65,31,10,0.4919355,0.013881836436159142,male,365.25,79,Clinical measures,COGN_high,#2ca02c,2714.0
79,0.61160713,70,28,20,0.61160713,0.007787005314599207,male,365.25,79,Clinical measures,COGN_high,#2ca02c,2714.0
79,0.5185676,75,29,13,0.5185676,0.010608488320221782,male,365.25,79,Clinical measures,COGN_high,#2ca02c,2714.0
79,0.31377548,80,28,7,0.31377548,0.016577293885073043,male,365.25,79,Clinical measures,COGN_high,#2ca02c,2714.0
79,0.5277778,85,18,2,0.5277778,0.09903775667670257,male,365.25,79,Clinical measures,COGN_high,#2ca02c,2714.0
80,0.22115386,65,26,8,0.22115386,0.009863693719424334,male,365.25,80,Clinical measures,PSQI_good,#2ca02c,2856.0
80,0.35959595,70,33,15,0.35959595,0.007105543084007904,male,365.25,80,Clinical measures,PSQI_good,#2ca02c,2856.0
80,0.0663158,75,25,19,0.0663158,0.001869313659558632,male,365.25,80,Clinical measures,PSQI_good,#2ca02c,2856.0
80,0.24814814,80,30,18,0.24814814,0.008829177636604006,male,365.25,80,Clinical measures,PSQI_good,#2ca02c,2856.0
80,0.21428572,85,18,7,0.21428572,0.0199215489496456,male,365.25,80,Clinical measures,PSQI_good,#2ca02c,2856.0
80,0.23809525,90,7,3,0.23809525,0.06046863414983544,male,365.25,80,Clinical measures,PSQI_good,#2ca02c,2856.0
81,0.5289855,75,69,7,0.5289855,0.01623599425572982,male,365.25,81,Clinical measures,PSQI_poor,#2ca02c,816.0
81,0.8642857,80,70,4,0.8642857,0.0026116525541570166,male,365.25,81,Clinical measures,PSQI_poor,#2ca02c,816.0
81,0.5,85,44,2,0.5,0.0060662114930089195,male,365.25,81,Clinical measures,PSQI_poor,#2ca02c,816.0
83,0.4722222,65,54,2,0.4722222,0.1006224547761178,male,365.25,83,Clinical measures,APNEA_low,#2ca02c,1291.0
83,0.48200756,75,48,11,0.48200756,0.014586386002068059,male,365.25,83,Clinical measures,APNEA_low,#2ca02c,1291.0
83,0.6945701,80,51,13,0.6945701,0.009680300268028987,male,365.25,83,Clinical measures,APNEA_low,#2ca02c,1291.0
83,0.627451,85,34,9,0.627451,0.020313266413327574,male,365.25,83,Clinical measures,APNEA_low,#2ca02c,1291.0
84,0.75746274,70,67,4,0.75746274,0.016705292106669496,male,365.25,84,Clinical measures,APNEA_high,#2ca02c,998.0
84,0.36612025,75,61,6,0.36612025,0.017858352376238805,male,365.25,84,Clinical measures,APNEA_high,#2ca02c,998.0
84,0.47883064,80,62,8,0.47883064,0.015191806546373242,male,365.25,84,Clinical measures,APNEA_high,#2ca02c,998.0
84,0.2125,85,40,4,0.2125,0.03591345923499041,male,365.25,84,Clinical measures,APNEA_high,#2ca02c,998.0
84,0.57352936,90,17,4,0.57352936,0.03641327980834876,male,365.25,84,Clinical measures,APNEA_high,#2ca02c,998.0
86,0.13888888,70,81,2,0.13888888,0.011203275568302936,male,365.25,86,Clinical measures,CRP_q2,#2ca02c,125.0
86,0.7799145,75,78,3,0.7799145,0.02186263302460971,male,365.25,86,Clinical measures,CRP_q2,#2ca02c,125.0
88,0.12804878,70,82,2,0.12804878,0.0091041121020035,male,365.25,88,Clinical measures,IL6_q1,#2ca02c,129.0
88,0.5929487,75,78,2,0.5929487,0.06238766952487624,male,365.25,88,Clinical measures,IL6_q1,#2ca02c,129.0
90,0.556962,75,79,2,0.556962,0.1646229687779057,male,365.25,90,Clinical measures,IL6_q3,#2ca02c,130.0
92,0.7805907,75,79,3,0.7805907,0.022260658963758517,male,365.25,92,Clinical measures,TNFA_q2,#2ca02c,128.0
94,0.7826087,70,23,2,0.7826087,0.008635503480802867,male,365.25,94,Death,Death,#000000,2479.0
94,0.8353909,75,27,9,0.8353909,0.007078215400204455,male,365.25,94,Death,Death,#000000,2479.0
94,0.74025977,80,22,21,0.74025977,0.006027860695426596,male,365.25,94,Death,Death,#000000,2479.0
94,0.56856185,85,13,23,0.56856185,0.012386436960049523,male,365.25,94,Death,Death,#000000,2479.0
94,0.79629636,90,3,18,0.79629636,0.03348664730428975,male,365.25,94,Death,Death,#000000,2479.0
